{
  "generation": 27,
  "results": {
    "stationary": {
      "travelled": 194.44566740731045,
      "lowSpeedFraction": 0.05755395683453238,
      "blockedFraction": 0.20863309352517986,
      "sideFlips": 1,
      "internalSideChanges": 0,
      "minHazardEdge": 7.53057535450553,
      "minPlayerDistance": 9.30564863721683,
      "finalPlayerHull": 61.82281477938693,
      "finalHunterHull": 89.94243610375106,
      "finalTactic": "pressure"
    },
    "reverse": {
      "travelled": 147.16345873647313,
      "lowSpeedFraction": 0.04040404040404041,
      "blockedFraction": 0.24242424242424243,
      "sideFlips": 0,
      "internalSideChanges": 0,
      "minHazardEdge": 9.139054432974074,
      "minPlayerDistance": 9.318731256104487,
      "finalPlayerHull": 87.64522793935967,
      "finalHunterHull": 96,
      "finalTactic": "counter-reverse"
    },
    "cluster": {
      "travelled": 201.6607047216141,
      "lowSpeedFraction": 0.05405405405405406,
      "blockedFraction": 0.38513513513513514,
      "sideFlips": 1,
      "internalSideChanges": 0,
      "minHazardEdge": 3.4628353345888154,
      "minPlayerDistance": 3.234857736216243,
      "finalPlayerHull": 96.22773816167461,
      "finalHunterHull": 58,
      "finalTactic": "flank-left"
    }
  },
  "pageErrors": [],
  "consoleErrors": []
}